name,Tier 0,Tier 1,Tier 2,Tier 3,Tier 4,Quote,ImageID,Staff,Birthday
Pesky12,false,false,false,false,false, ,0,true,false
ArcherCodeDelta,false,false,false,false,false, ,11,false,false
ღRemiღ,false,false,false,false,false, ,0,false,false
Bizz,false,false,false,false,false,uhhh,1,true,false
MoneyMommyMlkrs,false,false,false,false,true, ,2,false,false
Domagos,false,false,false,false,false, ,0,false,false
Murmurs,false,false,false,false,false, ,3,false,false
Oneironautical1,false,false,false,false,false, ,4,false,false
SHERR01,false,false,false,false,false, ,0,false,false
`Alex`,false,false,false,false,false, ,0,true,false
BlockAid,false,false,false,false,false, ,0,false,false
PulpFreeFiction,false,false,false,false,false, ,0,false,false
Daniel Praxis,false,false,false,true,false, ,6,false,false
EksCelle,false,false,false,false,false, ,0,false,false
MadEvil Lemon ~,false,true,false,false,false, ,0,false,false
ShmoopyRoo,false,false,false,false,false, ,0,false,false
AdrianWinters,false,false,false,false,false, ,0,false,false
KyleKitten,false,false,false,false,false, ,0,false,false
Peter The UK Mate,false,false,false,false,false, ,0,false,false
Splitco,false,false,false,false,false, ,0,true,false
Chanoler,false,false,false,false,false, ,0,true,false
NotTex,false,false,false,false,false, ,0,true,false
AnObviousTrap,false,false,false,false,false,Red til I am Dead,5,true,false
VRCat,false,false,false,false,true,CoolTest,5,true,false
AlongCameBoom,false,false,false,false,true,CoolTest,5,true,false
